Lessons from a Dog, December 9, 2018, Personal
Wow! The Confidence, August 22, 2018, Personal
The Logical Villain, August 5, 2018, Personal
Not being bothered, June 3, 2018, Personal
Lost Mariner, May 13, 2018, Reflection
Things need to Change, April 25, 2018, Personal
Emotionally and Mentally – Incapacitated, March 20, 2018, Personal
Strange Silence, March 17, 2018, Humour
Pleasure and Pain, February 4, 2018, Personal
What after Mum and Dad?, July 5, 2017, Personal
A Day spent together, December 23, 2016, Personal
Bags Packed, November 8, 2016, Humour
Letter to a Friend, May 1, 2016, Personal
Maker, February 14, 2015, Reflection
Bet’s on Rex!, February 13, 2015, Personal
Heaven-Hell-Heaven, February 12, 2015, Personal
24 Caret – Pure Fun!, February 11, 2015, Humour
Padmanabh Deshmukh, February 11, 2015, Personal
Chuck it, Let’s do it!, February 9, 2015, Personal
